<?xml version="1.0" encoding="UTF-8"?><rss version="2.0"
	xmlns:content="http://purl.org/rss/1.0/modules/content/"
	xmlns:dc="http://purl.org/dc/elements/1.1/"
	xmlns:atom="http://www.w3.org/2005/Atom"
	xmlns:sy="http://purl.org/rss/1.0/modules/syndication/"
	
	>
<channel>
	<title>Comments for key-apartment</title>
	<atom:link href="http://127.0.0.1/wordpress/comments/feed/" rel="self" type="application/rss+xml" />
	<link>http://cpaoli.github.io/key-apartments</link>
	<description>Just another WordPress site</description>
	<lastBuildDate>Mon, 25 Feb 2019 14:51:42 +0000</lastBuildDate>
	<sy:updatePeriod>hourly</sy:updatePeriod>
	<sy:updateFrequency>1</sy:updateFrequency>
	<generator>https://wordpress.org/?v=5.0.3</generator>
</channel>
</rss>
