<?xml version="1.0" encoding="UTF-8"?><rss version="2.0"
	xmlns:content="http://purl.org/rss/1.0/modules/content/"
	xmlns:wfw="http://wellformedweb.org/CommentAPI/"
	xmlns:dc="http://purl.org/dc/elements/1.1/"
	xmlns:atom="http://www.w3.org/2005/Atom"
	xmlns:sy="http://purl.org/rss/1.0/modules/syndication/"
	xmlns:slash="http://purl.org/rss/1.0/modules/slash/"
	>

<channel>
	<title>Uncategorized &#8211; key-apartment</title>
	<atom:link href="http://127.0.0.1/wordpress/category/uncategorized/feed/" rel="self" type="application/rss+xml" />
	<link>http://cpaoli.github.io/key-apartments</link>
	<description>Just another WordPress site</description>
	<lastBuildDate>Mon, 25 Feb 2019 13:53:46 +0000</lastBuildDate>
	<language>en-US</language>
	<sy:updatePeriod>hourly</sy:updatePeriod>
	<sy:updateFrequency>1</sy:updateFrequency>
	<generator>https://wordpress.org/?v=5.0.3</generator>
	<item>
		<title>Hello world!</title>
		<link>http://cpaoli.github.io/key-apartments/hello-world/</link>
		<comments>http://cpaoli.github.io/key-apartments/hello-world/#comments</comments>
		<pubDate>Thu, 21 Feb 2019 11:58:12 +0000</pubDate>
		<dc:creator><![CDATA[key]]></dc:creator>
				<category><![CDATA[Uncategorized]]></category>

		<guid isPermaLink="false">http:/?p=1</guid>
		<description><![CDATA[Welcome to WordPress. This is your first post. Edit or delete it, then start writing!]]></description>
				<content:encoded><![CDATA[
<p>Welcome to WordPress. This is your first post. Edit or delete it, then start writing!</p>
<div id="themify_builder_content-1" data-postid="1" class="themify_builder_content themify_builder_content-1 themify_builder">

    </div>
<!-- /themify_builder_content -->]]></content:encoded>
			<wfw:commentRss>http://cpaoli.github.io/key-apartments/hello-world/feed/</wfw:commentRss>
		<slash:comments>1</slash:comments>
		</item>
	</channel>
</rss>
